"Master","File","Column","Required","Hint"
"Buyers","buyers-import-template.csv","Buyer Code","Yes","How the office refers to this buyer. Rows are matched on it."
"Buyers","buyers-import-template.csv","Buyer Name","Yes",""
"Buyers","buyers-import-template.csv","Address","No",""
"Buyers","buyers-import-template.csv","Country","No","Must already be on its Master List."
"Buyers","buyers-import-template.csv","Contact Person","No",""
"Buyers","buyers-import-template.csv","Email","No",""
"Buyers","buyers-import-template.csv","Phone","No",""
"Buyers","buyers-import-template.csv","Currency","No","Must already be on its Master List."
"Buyers","buyers-import-template.csv","Payment Terms","No","Must already be on its Master List."
"Buyers","buyers-import-template.csv","Status","No","ACTIVE or INACTIVE. Blank leaves it unchanged."
"Buyers","buyers-import-template.csv","Consignee Name","No",""
"Buyers","buyers-import-template.csv","Consignee Address","No",""
"Buyers","buyers-import-template.csv","Notify Party Name","No",""
"Buyers","buyers-import-template.csv","Notify Party Address","No",""
"Buyers","buyers-import-template.csv","Destination","No",""
"Buyers","buyers-import-template.csv","Port Of Discharge","No",""
"Buyers","buyers-import-template.csv","Final Destination","No",""
"Buyers","buyers-import-template.csv","Price Terms","No","Must already be on its Master List."
"Buyers","buyers-import-template.csv","Ship Mode","No","Must already be on its Master List."
"Buyers","buyers-import-template.csv","Freight Terms","No","Must already be on its Master List."
"Vendors","vendors-import-template.csv","Vendor Code","No","Rows are matched on it. Leave blank on a new vendor and one is allotted."
"Vendors","vendors-import-template.csv","Vendor Name","Yes",""
"Vendors","vendors-import-template.csv","Category","Yes","Must already be on its Master List."
"Vendors","vendors-import-template.csv","Address","No",""
"Vendors","vendors-import-template.csv","City","No",""
"Vendors","vendors-import-template.csv","Vendor Location","No",""
"Vendors","vendors-import-template.csv","Gst No","No","15-character GSTIN, or blank."
"Vendors","vendors-import-template.csv","Contact Person","No",""
"Vendors","vendors-import-template.csv","Phone","No",""
"Vendors","vendors-import-template.csv","Email","No",""
"Vendors","vendors-import-template.csv","Bank Details","No",""
"Vendors","vendors-import-template.csv","Status","No","ACTIVE or INACTIVE. Blank leaves it unchanged."
"Vendors","vendors-import-template.csv","Remarks","No",""
"Vendors","vendors-import-template.csv","Po Initials","No","The prefix this vendor’s PO numbers carry. Derived from the name if blank."
"Vendors","vendors-import-template.csv","Pin Code","No","6 digits, or blank."
"Employees","employees-import-template.csv","Emp Id","No","Rows are matched on it. Leave blank on a new employee and one is allotted."
"Employees","employees-import-template.csv","Emp Name","Yes",""
"Employees","employees-import-template.csv","Department","Yes","Must already be on its Master List."
"Employees","employees-import-template.csv","Designation","Yes","Must already be on its Master List."
"Employees","employees-import-template.csv","Unit Line","No",""
"Employees","employees-import-template.csv","Status","No","ACTIVE or INACTIVE. Blank leaves it unchanged."
"Styles","styles-import-template.csv","Style No","Yes","Rows are matched on it."
"Styles","styles-import-template.csv","Style Description","Yes",""
"Styles","styles-import-template.csv","Buyer Code","Yes","The buyer’s code, not its name. That buyer must already exist."
"Styles","styles-import-template.csv","Category","No","Must already be on its Master List."
"Styles","styles-import-template.csv","Fabric Content","No","Must already be on its Master List."
"Styles","styles-import-template.csv","Color Code","No","Must already be on its Master List."
"Styles","styles-import-template.csv","Avg Fabric Utilization Per Pc","Yes","Per finished piece. 0 is allowed and means the sampling has not decided it yet."
"Styles","styles-import-template.csv","Avg Utilization Uom","No","Mtrs unless the style is bought by weight."
"Styles","styles-import-template.csv","Size Group","No","Must already be on its Master List."
"Styles","styles-import-template.csv","Qty Per Carton","No","Finished pieces per export carton. A whole number."
"Styles","styles-import-template.csv","Image Ref","No",""
"Styles","styles-import-template.csv","Status","No","ACTIVE or INACTIVE. Blank leaves it unchanged."
"Styles","styles-import-template.csv","Remarks","No",""
"Master list values","master-list-values-import-template.csv","List Code","Yes","The list this value belongs to, e.g. ColorCode. It must already exist."
"Master list values","master-list-values-import-template.csv","Value","Yes","The text the dropdown shows. Rows are matched on List Code + Value."
"Master list values","master-list-values-import-template.csv","Code","No","A short code for the value. The value itself is used if blank."
"Master list values","master-list-values-import-template.csv","Sort Order","No","Where it sits in the dropdown. Left alone if blank."
"Master list values","master-list-values-import-template.csv","Is Active","No","Yes or No. An inactive value stays on old documents but is offered on no new one."
